epoch,time,train/box_loss,train/cls_loss,train/dfl_loss,train/angle_loss,metrics/precision(B),metrics/recall(B),metrics/mAP50(B),metrics/mAP50-95(B),val/box_loss,val/cls_loss,val/dfl_loss,val/angle_loss,lr/pg0,lr/pg1,lr/pg2,lr/pg3,lr/pg4,lr/pg5,lr/pg6,lr/pg7
1,276.973,1.28636,1.64886,1.7355,0.06832,0.44041,0.44045,0.39946,0.2979,0.90243,0.93699,1.17396,0.02267,0.00996894,0.00332298,0.00996894,0.00332298,0.00996894,0.00332298,0.00996894,0.00332298
2,545.997,0.91319,0.84987,1.13042,0.026,0.54642,0.50578,0.48335,0.37026,0.82199,0.72958,1.09019,0.01563,0.0198371,0.00661238,0.0198371,0.00661238,0.0198371,0.00661238,0.0198371,0.00661238
3,829.981,0.88221,0.79013,1.09909,0.02363,0.53057,0.52234,0.49419,0.3788,0.81497,0.70442,1.08309,0.01422,0.0295734,0.00985778,0.0295734,0.00985778,0.0295734,0.00985778,0.0295734,0.00985778
4,1218.87,0.86899,0.76343,1.0831,0.02356,0.61519,0.52765,0.53545,0.41619,0.78173,0.66275,1.04116,0.01384,0.029406,0.009802,0.029406,0.009802,0.029406,0.009802,0.029406,0.009802
5,1633.97,0.84984,0.72838,1.06909,0.02241,0.62614,0.53369,0.54829,0.41788,0.77564,0.66117,1.04035,0.01192,0.029208,0.009736,0.029208,0.009736,0.029208,0.009736,0.029208,0.009736
6,2048.87,0.83147,0.70778,1.05801,0.02102,0.64478,0.55925,0.58157,0.46435,0.7422,0.60391,1.02625,0.01113,0.02901,0.00967,0.02901,0.00967,0.02901,0.00967,0.02901,0.00967
7,2453.4,0.82193,0.69246,1.05139,0.02036,0.64023,0.54004,0.56162,0.4491,0.7369,0.61309,1.02766,0.01208,0.028812,0.009604,0.028812,0.009604,0.028812,0.009604,0.028812,0.009604
8,2834.01,0.81271,0.67993,1.04589,0.01982,0.61793,0.54904,0.55244,0.44187,0.73991,0.61052,1.02034,0.01163,0.028614,0.009538,0.028614,0.009538,0.028614,0.009538,0.028614,0.009538
9,3267.55,0.80832,0.66845,1.04058,0.01964,0.62605,0.55937,0.56037,0.4464,0.73087,0.60672,1.01354,0.01054,0.028416,0.009472,0.028416,0.009472,0.028416,0.009472,0.028416,0.009472
10,3693.96,0.80209,0.66166,1.04103,0.01894,0.67205,0.57277,0.59838,0.48497,0.71599,0.58217,1.00682,0.01024,0.028218,0.009406,0.028218,0.009406,0.028218,0.009406,0.028218,0.009406
11,4110.06,0.79784,0.65548,1.03746,0.01893,0.66489,0.58318,0.60723,0.49242,0.7087,0.56384,1.00193,0.01043,0.02802,0.00934,0.02802,0.00934,0.02802,0.00934,0.02802,0.00934
12,4516.05,0.7929,0.64814,1.0332,0.01848,0.70395,0.5712,0.62285,0.50831,0.70524,0.56103,0.99932,0.00997,0.027822,0.009274,0.027822,0.009274,0.027822,0.009274,0.027822,0.009274
13,4921.68,0.78752,0.64103,1.03065,0.01839,0.69258,0.57493,0.61419,0.50142,0.70829,0.55993,1.00051,0.00977,0.027624,0.009208,0.027624,0.009208,0.027624,0.009208,0.027624,0.009208
14,5309.36,0.78556,0.63633,1.03163,0.01795,0.70066,0.58947,0.63694,0.51955,0.70025,0.54244,0.99662,0.00959,0.027426,0.009142,0.027426,0.009142,0.027426,0.009142,0.027426,0.009142
15,5728.66,0.78484,0.63292,1.02941,0.01795,0.72558,0.58678,0.64288,0.52716,0.69317,0.53641,0.99095,0.00943,0.027228,0.009076,0.027228,0.009076,0.027228,0.009076,0.027228,0.009076
16,6116.44,0.77979,0.62698,1.02721,0.0175,0.68787,0.59779,0.63073,0.51891,0.6913,0.54619,0.99153,0.00945,0.02703,0.00901,0.02703,0.00901,0.02703,0.00901,0.02703,0.00901
17,6549.13,0.77751,0.62426,1.0247,0.01761,0.7062,0.58828,0.63785,0.52547,0.68729,0.53901,0.98902,0.00906,0.026832,0.008944,0.026832,0.008944,0.026832,0.008944,0.026832,0.008944
18,6935.13,0.7757,0.61931,1.02471,0.01747,0.72006,0.60199,0.65485,0.53775,0.68432,0.52295,0.9882,0.00905,0.026634,0.008878,0.026634,0.008878,0.026634,0.008878,0.026634,0.008878
19,7354.55,0.77061,0.61253,1.02166,0.01722,0.73518,0.59167,0.65923,0.54524,0.68076,0.52604,0.98612,0.0089,0.026436,0.008812,0.026436,0.008812,0.026436,0.008812,0.026436,0.008812
20,7756.53,0.76853,0.61132,1.01959,0.01686,0.72986,0.58009,0.64006,0.52841,0.6824,0.52148,0.98561,0.00911,0.026238,0.008746,0.026238,0.008746,0.026238,0.008746,0.026238,0.008746
21,8189.26,0.76736,0.61118,1.0227,0.01687,0.71634,0.61158,0.66353,0.55019,0.67573,0.51171,0.98288,0.00879,0.02604,0.00868,0.02604,0.00868,0.02604,0.00868,0.02604,0.00868
22,8600.1,0.76221,0.60333,1.01722,0.01659,0.72074,0.60086,0.64804,0.53549,0.6763,0.52368,0.98272,0.00877,0.025842,0.008614,0.025842,0.008614,0.025842,0.008614,0.025842,0.008614
23,9032.81,0.76261,0.60335,1.01817,0.01659,0.74159,0.59892,0.66359,0.54773,0.67676,0.5214,0.98361,0.00884,0.025644,0.008548,0.025644,0.008548,0.025644,0.008548,0.025644,0.008548
24,9423.06,0.75901,0.59849,1.01633,0.01623,0.74115,0.5938,0.66169,0.54718,0.67503,0.51755,0.98235,0.00857,0.025446,0.008482,0.025446,0.008482,0.025446,0.008482,0.025446,0.008482
25,9847.91,0.75995,0.60045,1.01717,0.01641,0.71884,0.61428,0.66864,0.5547,0.67326,0.50491,0.98086,0.00867,0.025248,0.008416,0.025248,0.008416,0.025248,0.008416,0.025248,0.008416
26,10283.8,0.7575,0.59503,1.01695,0.01625,0.73783,0.61051,0.67208,0.55931,0.67178,0.5092,0.98028,0.00861,0.02505,0.00835,0.02505,0.00835,0.02505,0.00835,0.02505,0.00835
27,10700,0.75469,0.5946,1.01372,0.01614,0.72747,0.62179,0.67804,0.56329,0.67235,0.4957,0.97957,0.00853,0.024852,0.008284,0.024852,0.008284,0.024852,0.008284,0.024852,0.008284
28,11117.9,0.7513,0.59119,1.0132,0.01586,0.73166,0.6215,0.67655,0.56218,0.6674,0.50036,0.97811,0.00843,0.024654,0.008218,0.024654,0.008218,0.024654,0.008218,0.024654,0.008218
29,11527,0.75231,0.59077,1.0135,0.01571,0.74503,0.61831,0.67899,0.56592,0.66561,0.49813,0.97742,0.00838,0.024456,0.008152,0.024456,0.008152,0.024456,0.008152,0.024456,0.008152
30,11943.6,0.75422,0.59035,1.01389,0.01608,0.7497,0.62422,0.68453,0.57088,0.66468,0.49137,0.97657,0.00838,0.024258,0.008086,0.024258,0.008086,0.024258,0.008086,0.024258,0.008086
31,12348.1,0.74965,0.58345,1.01357,0.01562,0.74815,0.62278,0.68515,0.57171,0.66493,0.49328,0.97669,0.00836,0.02406,0.00802,0.02406,0.00802,0.02406,0.00802,0.02406,0.00802
32,12753.5,0.74638,0.58381,1.01399,0.01536,0.77107,0.6182,0.69259,0.57855,0.66401,0.48761,0.97681,0.00835,0.023862,0.007954,0.023862,0.007954,0.023862,0.007954,0.023862,0.007954
33,13167.9,0.74772,0.58263,1.01247,0.0153,0.75712,0.61671,0.68814,0.57509,0.66299,0.49025,0.97668,0.00826,0.023664,0.007888,0.023664,0.007888,0.023664,0.007888,0.023664,0.007888
34,13580.4,0.74678,0.57948,1.01007,0.01548,0.75968,0.6241,0.69078,0.57745,0.66155,0.49123,0.97529,0.00831,0.023466,0.007822,0.023466,0.007822,0.023466,0.007822,0.023466,0.007822
35,13978.6,0.74253,0.57423,1.01126,0.01515,0.75845,0.62831,0.69339,0.58004,0.6596,0.48627,0.97473,0.00822,0.023268,0.007756,0.023268,0.007756,0.023268,0.007756,0.023268,0.007756
36,14359.9,0.74261,0.57519,1.0089,0.01508,0.75214,0.63275,0.6916,0.57869,0.65919,0.4878,0.97449,0.00826,0.02307,0.00769,0.02307,0.00769,0.02307,0.00769,0.02307,0.00769
37,14783,0.74209,0.57106,1.00873,0.0151,0.75061,0.6248,0.68708,0.57572,0.65824,0.48965,0.97317,0.00817,0.022872,0.007624,0.022872,0.007624,0.022872,0.007624,0.022872,0.007624
38,15168.9,0.74028,0.57137,1.00964,0.01499,0.74781,0.62974,0.68922,0.57756,0.65793,0.48724,0.97287,0.0082,0.022674,0.007558,0.022674,0.007558,0.022674,0.007558,0.022674,0.007558
39,15559.4,0.74102,0.57199,1.00779,0.01506,0.76588,0.6233,0.69157,0.579,0.65744,0.48552,0.97245,0.00816,0.022476,0.007492,0.022476,0.007492,0.022476,0.007492,0.022476,0.007492
40,15944.6,0.73761,0.56677,1.00785,0.01481,0.76343,0.62312,0.69379,0.58063,0.65738,0.48548,0.97246,0.0081,0.022278,0.007426,0.022278,0.007426,0.022278,0.007426,0.022278,0.007426
41,16347.3,0.73735,0.56674,1.00868,0.01468,0.75889,0.63004,0.69438,0.58151,0.65719,0.48551,0.97262,0.0081,0.02208,0.00736,0.02208,0.00736,0.02208,0.00736,0.02208,0.00736
42,16758.6,0.7335,0.56283,1.005,0.01457,0.75731,0.63128,0.69524,0.58366,0.65663,0.4828,0.9723,0.00808,0.021882,0.007294,0.021882,0.007294,0.021882,0.007294,0.021882,0.007294
43,17149.2,0.73605,0.56399,1.00514,0.01454,0.74684,0.63641,0.69516,0.58352,0.65625,0.48154,0.97218,0.00805,0.021684,0.007228,0.021684,0.007228,0.021684,0.007228,0.021684,0.007228
44,17537.7,0.7308,0.56161,1.00713,0.01465,0.75575,0.62672,0.69406,0.58226,0.65612,0.47991,0.97208,0.00806,0.021486,0.007162,0.021486,0.007162,0.021486,0.007162,0.021486,0.007162
45,17918.9,0.7365,0.56382,1.00928,0.01457,0.75976,0.6313,0.69666,0.58419,0.65576,0.47823,0.97211,0.00804,0.021288,0.007096,0.021288,0.007096,0.021288,0.007096,0.021288,0.007096
46,18323.6,0.73188,0.55993,1.00625,0.01436,0.75842,0.63359,0.69789,0.58589,0.65573,0.47802,0.97206,0.00804,0.02109,0.00703,0.02109,0.00703,0.02109,0.00703,0.02109,0.00703
47,18726,0.73187,0.56394,1.00804,0.01424,0.75791,0.63499,0.69867,0.58656,0.65542,0.4775,0.97196,0.00802,0.020892,0.006964,0.020892,0.006964,0.020892,0.006964,0.020892,0.006964
48,19130.2,0.73008,0.55849,1.00701,0.01434,0.75415,0.6359,0.69897,0.58677,0.65526,0.47737,0.97203,0.008,0.020694,0.006898,0.020694,0.006898,0.020694,0.006898,0.020694,0.006898
49,19522,0.73103,0.56058,1.00606,0.01416,0.75755,0.63679,0.69947,0.58716,0.65542,0.47796,0.9721,0.00799,0.020496,0.006832,0.020496,0.006832,0.020496,0.006832,0.020496,0.006832
50,19920.9,0.72864,0.55347,1.00413,0.01409,0.76112,0.63733,0.70018,0.5881,0.65517,0.47754,0.97184,0.00799,0.020298,0.006766,0.020298,0.006766,0.020298,0.006766,0.020298,0.006766
51,20329.4,0.73023,0.56036,1.00712,0.01418,0.76041,0.63669,0.70066,0.58847,0.65492,0.47704,0.97163,0.00798,0.0201,0.0067,0.0201,0.0067,0.0201,0.0067,0.0201,0.0067
52,20755.4,0.72894,0.55366,1.00525,0.01427,0.76166,0.63556,0.70067,0.58838,0.65461,0.47697,0.9714,0.00798,0.019902,0.006634,0.019902,0.006634,0.019902,0.006634,0.019902,0.006634
53,21162.2,0.7248,0.5517,1.0035,0.01387,0.76093,0.63515,0.70112,0.58876,0.65438,0.47648,0.97126,0.00797,0.019704,0.006568,0.019704,0.006568,0.019704,0.006568,0.019704,0.006568
54,21558.6,0.72578,0.55149,1.00405,0.01386,0.75692,0.63796,0.70176,0.58906,0.65414,0.47621,0.97114,0.00797,0.019506,0.006502,0.019506,0.006502,0.019506,0.006502,0.019506,0.006502
55,21948.3,0.72217,0.54895,1.00281,0.01383,0.76562,0.63027,0.70177,0.58987,0.65411,0.47632,0.97111,0.00796,0.019308,0.006436,0.019308,0.006436,0.019308,0.006436,0.019308,0.006436
56,22348.1,0.72421,0.54658,1.00516,0.01381,0.77037,0.6264,0.70205,0.59016,0.65393,0.47612,0.97103,0.00796,0.01911,0.00637,0.01911,0.00637,0.01911,0.00637,0.01911,0.00637
57,22740.8,0.72243,0.54549,1.00413,0.01371,0.76944,0.62711,0.70183,0.5903,0.65376,0.47608,0.97104,0.00796,0.018912,0.006304,0.018912,0.006304,0.018912,0.006304,0.018912,0.006304
58,23154.9,0.72079,0.54279,1.00194,0.01364,0.77201,0.62459,0.70176,0.59016,0.65364,0.47553,0.971,0.00796,0.018714,0.006238,0.018714,0.006238,0.018714,0.006238,0.018714,0.006238
59,23544.9,0.7184,0.54252,0.99945,0.01354,0.77375,0.62313,0.70184,0.59031,0.65356,0.47547,0.97098,0.00795,0.018516,0.006172,0.018516,0.006172,0.018516,0.006172,0.018516,0.006172
60,23949.3,0.71807,0.54162,1.00114,0.0134,0.77732,0.62244,0.70204,0.5904,0.65347,0.47512,0.97091,0.00794,0.018318,0.006106,0.018318,0.006106,0.018318,0.006106,0.018318,0.006106
61,24323.7,0.71681,0.5405,1.00057,0.01335,0.77608,0.62384,0.70225,0.59111,0.65351,0.47495,0.97099,0.00795,0.01812,0.00604,0.01812,0.00604,0.01812,0.00604,0.01812,0.00604
62,24717.9,0.71662,0.53835,1.00184,0.01338,0.77927,0.62353,0.70257,0.59157,0.65334,0.47463,0.9709,0.00795,0.017922,0.005974,0.017922,0.005974,0.017922,0.005974,0.017922,0.005974
63,25111.3,0.71579,0.53864,1.00079,0.0133,0.77136,0.62922,0.70334,0.59208,0.65312,0.47423,0.97073,0.00794,0.017724,0.005908,0.017724,0.005908,0.017724,0.005908,0.017724,0.005908
64,25486.1,0.71455,0.53786,0.99957,0.01318,0.77629,0.62766,0.70387,0.59263,0.65304,0.47408,0.97071,0.00794,0.017526,0.005842,0.017526,0.005842,0.017526,0.005842,0.017526,0.005842
65,25875.3,0.71391,0.53644,0.99926,0.01329,0.76255,0.63599,0.70415,0.593,0.65293,0.4737,0.97062,0.00793,0.017328,0.005776,0.017328,0.005776,0.017328,0.005776,0.017328,0.005776
66,26271.1,0.71668,0.53671,1.00068,0.01332,0.76567,0.63482,0.70435,0.59311,0.65266,0.47366,0.97058,0.00793,0.01713,0.00571,0.01713,0.00571,0.01713,0.00571,0.01713,0.00571
67,26670.3,0.71239,0.53078,0.99908,0.01306,0.76598,0.6355,0.70466,0.59367,0.65242,0.47346,0.97048,0.00793,0.016932,0.005644,0.016932,0.005644,0.016932,0.005644,0.016932,0.005644
68,27065.5,0.71105,0.53164,1.00044,0.01307,0.76624,0.63581,0.70475,0.59374,0.65229,0.47319,0.9704,0.00793,0.016734,0.005578,0.016734,0.005578,0.016734,0.005578,0.016734,0.005578
69,27463.1,0.709,0.53178,0.99914,0.01288,0.77154,0.63413,0.70506,0.5939,0.65219,0.47295,0.97021,0.00793,0.016536,0.005512,0.016536,0.005512,0.016536,0.005512,0.016536,0.005512
70,27847.4,0.71159,0.5328,1.00012,0.0131,0.78991,0.62521,0.70568,0.59437,0.65199,0.47259,0.97015,0.00792,0.016338,0.005446,0.016338,0.005446,0.016338,0.005446,0.016338,0.005446
71,28237,0.70753,0.52735,0.99692,0.01273,0.78637,0.6271,0.70577,0.59482,0.65192,0.47222,0.97009,0.00792,0.01614,0.00538,0.01614,0.00538,0.01614,0.00538,0.01614,0.00538
72,28638.2,0.70835,0.5295,0.99899,0.01282,0.78681,0.62778,0.70596,0.59505,0.65183,0.47205,0.97008,0.00791,0.015942,0.005314,0.015942,0.005314,0.015942,0.005314,0.015942,0.005314
73,29038.4,0.7112,0.52854,0.99979,0.01303,0.78751,0.628,0.70605,0.59519,0.65173,0.4718,0.96999,0.00791,0.015744,0.005248,0.015744,0.005248,0.015744,0.005248,0.015744,0.005248
74,29430.9,0.70605,0.52645,0.99882,0.01265,0.78722,0.62964,0.70631,0.59517,0.65157,0.47141,0.96995,0.0079,0.015546,0.005182,0.015546,0.005182,0.015546,0.005182,0.015546,0.005182
75,29840.1,0.70576,0.52668,0.99819,0.01256,0.78675,0.62968,0.70667,0.59527,0.65156,0.47101,0.96983,0.0079,0.015348,0.005116,0.015348,0.005116,0.015348,0.005116,0.015348,0.005116
76,30247.2,0.70555,0.52308,0.99867,0.01253,0.78475,0.63089,0.70667,0.59558,0.65132,0.47089,0.96977,0.00789,0.01515,0.00505,0.01515,0.00505,0.01515,0.00505,0.01515,0.00505
77,30642.6,0.70491,0.52231,0.9967,0.01246,0.78661,0.63047,0.70657,0.59548,0.65123,0.47071,0.96971,0.00789,0.014952,0.004984,0.014952,0.004984,0.014952,0.004984,0.014952,0.004984
78,31048.4,0.70431,0.52396,0.9978,0.01257,0.78653,0.63077,0.70689,0.59564,0.65104,0.47029,0.96963,0.00788,0.014754,0.004918,0.014754,0.004918,0.014754,0.004918,0.014754,0.004918
79,31443.7,0.70607,0.52249,0.99802,0.01258,0.78768,0.63034,0.70673,0.5958,0.65079,0.47024,0.96953,0.00787,0.014556,0.004852,0.014556,0.004852,0.014556,0.004852,0.014556,0.004852
80,31859.3,0.70332,0.51989,0.99705,0.01247,0.79013,0.63035,0.70693,0.59593,0.65071,0.46996,0.96953,0.00787,0.014358,0.004786,0.014358,0.004786,0.014358,0.004786,0.014358,0.004786
81,32244.2,0.6998,0.51604,0.99636,0.0123,0.79026,0.62929,0.70745,0.59645,0.6505,0.46973,0.96941,0.00786,0.01416,0.00472,0.01416,0.00472,0.01416,0.00472,0.01416,0.00472
82,32635.7,0.70405,0.52194,0.99765,0.01245,0.79104,0.62926,0.70781,0.59664,0.65021,0.46921,0.96939,0.00785,0.013962,0.004654,0.013962,0.004654,0.013962,0.004654,0.013962,0.004654
83,33036.6,0.70045,0.51503,0.99619,0.01246,0.7923,0.62867,0.70772,0.59629,0.6501,0.46911,0.96929,0.00785,0.013764,0.004588,0.013764,0.004588,0.013764,0.004588,0.013764,0.004588
84,33408.9,0.69929,0.51597,0.99469,0.01242,0.78563,0.63498,0.7081,0.59677,0.6499,0.46875,0.96929,0.00784,0.013566,0.004522,0.013566,0.004522,0.013566,0.004522,0.013566,0.004522
85,33802.1,0.70048,0.5169,0.99504,0.01236,0.78459,0.63615,0.70839,0.5971,0.64979,0.46857,0.96927,0.00783,0.013368,0.004456,0.013368,0.004456,0.013368,0.004456,0.013368,0.004456
86,34173.7,0.69838,0.51242,0.9949,0.01229,0.77713,0.64127,0.70876,0.59764,0.64958,0.46834,0.96922,0.00782,0.01317,0.00439,0.01317,0.00439,0.01317,0.00439,0.01317,0.00439
87,34555.2,0.69766,0.51231,0.99531,0.01222,0.77965,0.64045,0.70894,0.59773,0.64946,0.46795,0.96921,0.00782,0.012972,0.004324,0.012972,0.004324,0.012972,0.004324,0.012972,0.004324
88,34950,0.69485,0.51009,0.99325,0.01212,0.77976,0.64086,0.7093,0.5981,0.64923,0.4673,0.9692,0.00781,0.012774,0.004258,0.012774,0.004258,0.012774,0.004258,0.012774,0.004258
89,35319.5,0.69654,0.50862,0.99539,0.01207,0.78101,0.64052,0.70952,0.59839,0.6492,0.46722,0.96922,0.0078,0.012576,0.004192,0.012576,0.004192,0.012576,0.004192,0.012576,0.004192
90,35719.3,0.69481,0.50916,0.99432,0.01206,0.78083,0.64068,0.7097,0.59847,0.64906,0.46695,0.96913,0.0078,0.012378,0.004126,0.012378,0.004126,0.012378,0.004126,0.012378,0.004126
91,36125.6,0.69816,0.51388,0.99382,0.01215,0.77964,0.64083,0.70994,0.59906,0.6489,0.46651,0.96917,0.0078,0.01218,0.00406,0.01218,0.00406,0.01218,0.00406,0.01218,0.00406
92,36508.4,0.69475,0.50529,0.99403,0.012,0.78096,0.64029,0.7102,0.59937,0.64881,0.46639,0.96913,0.0078,0.011982,0.003994,0.011982,0.003994,0.011982,0.003994,0.011982,0.003994
93,36884.6,0.69247,0.50561,0.99375,0.012,0.78303,0.63877,0.71057,0.59948,0.64874,0.46612,0.96912,0.00779,0.011784,0.003928,0.011784,0.003928,0.011784,0.003928,0.011784,0.003928
94,37299,0.69646,0.50701,0.99189,0.01205,0.79422,0.63468,0.71088,0.59965,0.64863,0.46567,0.96907,0.00778,0.011586,0.003862,0.011586,0.003862,0.011586,0.003862,0.011586,0.003862
95,37688,0.69235,0.50357,0.99122,0.01187,0.79563,0.63395,0.71088,0.5999,0.64844,0.4655,0.969,0.00777,0.011388,0.003796,0.011388,0.003796,0.011388,0.003796,0.011388,0.003796
96,38077.7,0.69095,0.50073,0.99122,0.01189,0.79687,0.6337,0.71114,0.60018,0.64824,0.46541,0.96892,0.00777,0.01119,0.00373,0.01119,0.00373,0.01119,0.00373,0.01119,0.00373
97,38457.1,0.69211,0.50104,0.99451,0.01189,0.79732,0.63342,0.71183,0.60072,0.64813,0.46527,0.96887,0.00777,0.010992,0.003664,0.010992,0.003664,0.010992,0.003664,0.010992,0.003664
98,38852.1,0.69027,0.50083,0.9922,0.01187,0.79663,0.63265,0.71182,0.60098,0.64796,0.46532,0.96881,0.00777,0.010794,0.003598,0.010794,0.003598,0.010794,0.003598,0.010794,0.003598
99,39253.9,0.68869,0.49995,0.99114,0.01178,0.79722,0.63304,0.71206,0.60117,0.64794,0.46526,0.96879,0.00776,0.010596,0.003532,0.010596,0.003532,0.010596,0.003532,0.010596,0.003532
100,39663.2,0.68964,0.49939,0.99007,0.01175,0.79718,0.63279,0.71215,0.6014,0.64788,0.4653,0.96874,0.00775,0.010398,0.003466,0.010398,0.003466,0.010398,0.003466,0.010398,0.003466
101,40060,0.69219,0.50327,0.99317,0.01191,0.79974,0.63231,0.71245,0.6016,0.64773,0.46538,0.96867,0.00774,0.0102,0.0034,0.0102,0.0034,0.0102,0.0034,0.0102,0.0034
102,40446,0.68567,0.49531,0.99006,0.01166,0.79757,0.6338,0.71263,0.60188,0.6477,0.4652,0.96862,0.00774,0.010002,0.003334,0.010002,0.003334,0.010002,0.003334,0.010002,0.003334
103,40837.5,0.68535,0.49548,0.98932,0.0115,0.80117,0.63191,0.71276,0.60194,0.6476,0.46501,0.96862,0.00773,0.009804,0.003268,0.009804,0.003268,0.009804,0.003268,0.009804,0.003268
104,41223.1,0.6855,0.49465,0.99129,0.01153,0.79971,0.63262,0.71295,0.60201,0.64746,0.4646,0.96862,0.00772,0.009606,0.003202,0.009606,0.003202,0.009606,0.003202,0.009606,0.003202
105,41604.3,0.68625,0.49492,0.98918,0.01159,0.80161,0.63189,0.71316,0.60231,0.64747,0.46431,0.96859,0.00771,0.009408,0.003136,0.009408,0.003136,0.009408,0.003136,0.009408,0.003136
106,41995.1,0.68476,0.49371,0.98848,0.01169,0.80089,0.63269,0.71308,0.60245,0.64731,0.46412,0.96855,0.00771,0.00921,0.00307,0.00921,0.00307,0.00921,0.00307,0.00921,0.00307
107,42395.4,0.68487,0.4942,0.98963,0.01167,0.79759,0.63397,0.71345,0.60264,0.64713,0.46389,0.96856,0.00771,0.009012,0.003004,0.009012,0.003004,0.009012,0.003004,0.009012,0.003004
108,42786.6,0.68379,0.49081,0.98862,0.01156,0.79925,0.63274,0.71362,0.60317,0.64706,0.46363,0.96855,0.0077,0.008814,0.002938,0.008814,0.002938,0.008814,0.002938,0.008814,0.002938
109,43171.6,0.6838,0.4898,0.98898,0.0116,0.79862,0.63318,0.71372,0.60307,0.64685,0.46338,0.96847,0.0077,0.008616,0.002872,0.008616,0.002872,0.008616,0.002872,0.008616,0.002872
110,43567.8,0.68276,0.48909,0.98952,0.01156,0.80179,0.63145,0.71377,0.60337,0.64679,0.46329,0.96836,0.0077,0.008418,0.002806,0.008418,0.002806,0.008418,0.002806,0.008418,0.002806
111,43947,0.68178,0.48532,0.98805,0.01149,0.80142,0.63123,0.71375,0.6032,0.64665,0.4632,0.96827,0.00769,0.00822,0.00274,0.00822,0.00274,0.00822,0.00274,0.00822,0.00274
112,44361,0.68115,0.48751,0.98869,0.01146,0.80318,0.63059,0.71403,0.60363,0.64657,0.46289,0.96834,0.00769,0.008022,0.002674,0.008022,0.002674,0.008022,0.002674,0.008022,0.002674
113,44759.2,0.67941,0.48551,0.98763,0.01128,0.80329,0.63163,0.71421,0.60389,0.64648,0.46255,0.96833,0.00769,0.007824,0.002608,0.007824,0.002608,0.007824,0.002608,0.007824,0.002608
114,45151.7,0.67781,0.4839,0.98721,0.01138,0.80148,0.63251,0.71458,0.60432,0.64632,0.46238,0.96825,0.00769,0.007626,0.002542,0.007626,0.002542,0.007626,0.002542,0.007626,0.002542
115,45525.9,0.67995,0.48397,0.98679,0.01147,0.80887,0.62692,0.71484,0.60423,0.64613,0.4621,0.96826,0.00768,0.007428,0.002476,0.007428,0.002476,0.007428,0.002476,0.007428,0.002476
116,45902.7,0.67682,0.4828,0.98684,0.01132,0.79784,0.63495,0.71481,0.60447,0.64613,0.46197,0.96823,0.00768,0.00723,0.00241,0.00723,0.00241,0.00723,0.00241,0.00723,0.00241
117,46280.1,0.68078,0.48453,0.98817,0.01142,0.79616,0.63525,0.71511,0.6047,0.64593,0.46175,0.96821,0.00767,0.007032,0.002344,0.007032,0.002344,0.007032,0.002344,0.007032,0.002344
118,46655.7,0.67789,0.48305,0.98722,0.01135,0.79414,0.63538,0.71489,0.60474,0.64583,0.46169,0.96819,0.00767,0.006834,0.002278,0.006834,0.002278,0.006834,0.002278,0.006834,0.002278
119,47056.3,0.67581,0.47867,0.98649,0.01124,0.79391,0.63585,0.71494,0.60497,0.64577,0.46163,0.9682,0.00767,0.006636,0.002212,0.006636,0.002212,0.006636,0.002212,0.006636,0.002212
120,47444.4,0.67598,0.47833,0.9871,0.01126,0.79518,0.63564,0.71527,0.6053,0.64567,0.46132,0.96813,0.00767,0.006438,0.002146,0.006438,0.002146,0.006438,0.002146,0.006438,0.002146
121,47845.9,0.67647,0.48019,0.9851,0.01126,0.79255,0.63756,0.71564,0.60539,0.64555,0.46112,0.96807,0.00766,0.00624,0.00208,0.00624,0.00208,0.00624,0.00208,0.00624,0.00208
122,48250.2,0.6751,0.4778,0.9858,0.01124,0.79178,0.63833,0.7162,0.60558,0.64544,0.46089,0.96799,0.00766,0.006042,0.002014,0.006042,0.002014,0.006042,0.002014,0.006042,0.002014
123,48641.5,0.67165,0.4773,0.98416,0.01103,0.79315,0.63788,0.71608,0.60581,0.64528,0.46072,0.96795,0.00766,0.005844,0.001948,0.005844,0.001948,0.005844,0.001948,0.005844,0.001948
124,49032.3,0.67165,0.47238,0.98394,0.01102,0.79327,0.63815,0.71613,0.60576,0.64515,0.46057,0.96791,0.00765,0.005646,0.001882,0.005646,0.001882,0.005646,0.001882,0.005646,0.001882
125,49458.2,0.66876,0.47118,0.98229,0.01092,0.7937,0.63823,0.71628,0.60627,0.64508,0.46006,0.96788,0.00765,0.005448,0.001816,0.005448,0.001816,0.005448,0.001816,0.005448,0.001816
126,49856.6,0.6694,0.46955,0.98329,0.01101,0.79469,0.63659,0.71637,0.60606,0.64499,0.46003,0.96786,0.00764,0.00525,0.00175,0.00525,0.00175,0.00525,0.00175,0.00525,0.00175
127,50240.1,0.6686,0.46883,0.98364,0.01103,0.79737,0.63429,0.7168,0.6069,0.64498,0.45998,0.96791,0.00764,0.005052,0.001684,0.005052,0.001684,0.005052,0.001684,0.005052,0.001684
128,50623.7,0.67144,0.47083,0.98265,0.01104,0.79692,0.63527,0.71683,0.60672,0.64482,0.4597,0.96788,0.00764,0.004854,0.001618,0.004854,0.001618,0.004854,0.001618,0.004854,0.001618
129,51011.9,0.66759,0.4697,0.98105,0.01099,0.8004,0.63387,0.71702,0.60676,0.64477,0.45957,0.96783,0.00764,0.004656,0.001552,0.004656,0.001552,0.004656,0.001552,0.004656,0.001552
130,51403.1,0.66945,0.46766,0.98456,0.01111,0.79996,0.6343,0.71738,0.60738,0.6447,0.45927,0.96788,0.00764,0.004458,0.001486,0.004458,0.001486,0.004458,0.001486,0.004458,0.001486
131,51793.8,0.66747,0.46428,0.98141,0.0109,0.79977,0.63399,0.71739,0.60718,0.6446,0.45916,0.96789,0.00764,0.00426,0.00142,0.00426,0.00142,0.00426,0.00142,0.00426,0.00142
132,52177.8,0.66547,0.46377,0.97967,0.01096,0.79854,0.63508,0.71748,0.60735,0.64455,0.45895,0.96784,0.00764,0.004062,0.001354,0.004062,0.001354,0.004062,0.001354,0.004062,0.001354
133,52569.8,0.665,0.46532,0.97956,0.01086,0.79894,0.63464,0.7175,0.60777,0.64442,0.4589,0.96782,0.00763,0.003864,0.001288,0.003864,0.001288,0.003864,0.001288,0.003864,0.001288
134,52968.3,0.66577,0.46255,0.9813,0.01096,0.80144,0.63271,0.71779,0.60794,0.64447,0.45893,0.96775,0.00764,0.003666,0.001222,0.003666,0.001222,0.003666,0.001222,0.003666,0.001222
135,53356.3,0.66699,0.46435,0.98138,0.01104,0.80257,0.6317,0.71799,0.60802,0.64434,0.45858,0.96778,0.00764,0.003468,0.001156,0.003468,0.001156,0.003468,0.001156,0.003468,0.001156
136,53769.6,0.66485,0.46084,0.98018,0.01083,0.80085,0.63333,0.71801,0.60821,0.6443,0.45843,0.96774,0.00763,0.00327,0.00109,0.00327,0.00109,0.00327,0.00109,0.00327,0.00109
137,54180.7,0.66443,0.45959,0.98034,0.0109,0.8002,0.63391,0.71801,0.60825,0.64414,0.45847,0.96774,0.00763,0.003072,0.001024,0.003072,0.001024,0.003072,0.001024,0.003072,0.001024
138,54581.8,0.6642,0.46086,0.98038,0.01086,0.79775,0.63552,0.71793,0.60821,0.64404,0.45816,0.96769,0.00763,0.002874,0.000958,0.002874,0.000958,0.002874,0.000958,0.002874,0.000958
139,54981.4,0.66339,0.45604,0.97854,0.01082,0.7968,0.63672,0.7183,0.60831,0.644,0.45805,0.96772,0.00762,0.002676,0.000892,0.002676,0.000892,0.002676,0.000892,0.002676,0.000892
140,55384.4,0.66054,0.45762,0.97722,0.01074,0.79829,0.63496,0.71795,0.60829,0.64388,0.45823,0.96773,0.00762,0.002478,0.000826,0.002478,0.000826,0.002478,0.000826,0.002478,0.000826
141,55591.4,0.61461,0.3903,0.98397,0.00807,0.79773,0.63512,0.71865,0.60844,0.6439,0.45821,0.96776,0.00762,0.00228,0.00076,0.00228,0.00076,0.00228,0.00076,0.00228,0.00076
142,55790.3,0.61054,0.38422,0.9808,0.00804,0.7954,0.63712,0.71859,0.6083,0.64391,0.4582,0.96778,0.00761,0.002082,0.000694,0.002082,0.000694,0.002082,0.000694,0.002082,0.000694
143,55989.7,0.6086,0.38085,0.9813,0.00797,0.79495,0.63608,0.71893,0.6086,0.64382,0.45817,0.96777,0.00761,0.001884,0.000628,0.001884,0.000628,0.001884,0.000628,0.001884,0.000628
144,56189.1,0.60677,0.37788,0.9788,0.00792,0.79429,0.63748,0.71881,0.6086,0.64379,0.45813,0.96775,0.0076,0.001686,0.000562,0.001686,0.000562,0.001686,0.000562,0.001686,0.000562
145,56388.4,0.60509,0.37581,0.9792,0.00784,0.79196,0.63879,0.71874,0.60851,0.64372,0.45803,0.9677,0.00759,0.001488,0.000496,0.001488,0.000496,0.001488,0.000496,0.001488,0.000496
146,56587.7,0.60497,0.37539,0.97969,0.0079,0.79203,0.63913,0.71889,0.60857,0.6438,0.4582,0.96775,0.00759,0.00129,0.00043,0.00129,0.00043,0.00129,0.00043,0.00129,0.00043
147,56786.8,0.60357,0.37206,0.97914,0.00787,0.79099,0.63963,0.71889,0.60872,0.64384,0.4585,0.96771,0.00758,0.001092,0.000364,0.001092,0.000364,0.001092,0.000364,0.001092,0.000364
148,56986,0.60125,0.37076,0.97774,0.00779,0.79173,0.63908,0.71896,0.60894,0.64383,0.45849,0.96777,0.00757,0.000894,0.000298,0.000894,0.000298,0.000894,0.000298,0.000894,0.000298
149,57185.7,0.60153,0.36958,0.97837,0.00776,0.79305,0.63815,0.71929,0.60914,0.64371,0.45852,0.96772,0.00757,0.000696,0.000232,0.000696,0.000232,0.000696,0.000232,0.000696,0.000232
150,57385,0.59908,0.36774,0.97641,0.00772,0.79413,0.63837,0.71926,0.60934,0.64379,0.45843,0.96785,0.00756,0.000498,0.000166,0.000498,0.000166,0.000498,0.000166,0.000498,0.000166
